<?xml version="1.0" encoding="utf-8" ?>
<auc:Audits xmlns:auc="http://nrel.gov/schemas/bedes-auc/2014">
  <auc:Audit ID="Audit-70234559076380">
    <auc:Sites>
      <auc:Site ID="Site-70234398332900">
        <auc:Address>
          <auc:StreetAddressDetail>
            <auc:Simplified>
              <auc:StreetAddress>225 West 41st Street</auc:StreetAddress>
            </auc:Simplified>
          </auc:StreetAddressDetail>
          <auc:City>New York</auc:City>
          <auc:State>NY</auc:State>
          <auc:PostalCode>10036</auc:PostalCode>
        </auc:Address>
        <auc:Ownership>Unknown</auc:Ownership>
        <auc:Facilities>
          <auc:Facility ID="Facility-70234398324140">
            <auc:PremisesName>NYC BBL Example Building 2</auc:PremisesName>
            <auc:PremisesNotes></auc:PremisesNotes>
            <auc:PremisesIdentifiers>
              <auc:PremisesIdentifier>
                <auc:IdentifierLabel>Custom</auc:IdentifierLabel>
                <auc:IdentifierCustomName>BIN</auc:IdentifierCustomName>
                <auc:IdentifierValue>1811255</auc:IdentifierValue>
              </auc:PremisesIdentifier>
              <auc:PremisesIdentifier>
                <auc:IdentifierLabel>Custom</auc:IdentifierLabel>
                <auc:IdentifierCustomName>EER</auc:IdentifierCustomName>
                <auc:IdentifierValue>A</auc:IdentifierValue>
              </auc:PremisesIdentifier>
            </auc:PremisesIdentifiers>
            <auc:FloorsAboveGrade>32</auc:FloorsAboveGrade>
            <auc:FloorsBelowGrade>2</auc:FloorsBelowGrade>
            <auc:BuildingAutomationSystem>true</auc:BuildingAutomationSystem>
            <auc:HistoricalLandmark>false</auc:HistoricalLandmark>
            <auc:FloorAreas>
              <auc:FloorArea>
                <auc:FloorAreaType>Conditioned</auc:FloorAreaType>
                <auc:FloorAreaValue>275345.0</auc:FloorAreaValue>
              </auc:FloorArea>
              <auc:FloorArea>
                <auc:FloorAreaType>Cooled only</auc:FloorAreaType>
                <auc:FloorAreaValue>0.0</auc:FloorAreaValue>
              </auc:FloorArea>
              <auc:FloorArea>
                <auc:FloorAreaType>Gross</auc:FloorAreaType>
                <auc:FloorAreaValue>275345.0</auc:FloorAreaValue>
              </auc:FloorArea>
              <auc:FloorArea>
                <auc:FloorAreaType>Heated and Cooled</auc:FloorAreaType>
                <auc:FloorAreaValue>275345.0</auc:FloorAreaValue>
              </auc:FloorArea>
              <auc:FloorArea>
                <auc:FloorAreaType>Heated only</auc:FloorAreaType>
                <auc:FloorAreaValue>0.0</auc:FloorAreaValue>
              </auc:FloorArea>
            </auc:FloorAreas>
            <auc:TotalExteriorAboveGradeWallArea>50000.0</auc:TotalExteriorAboveGradeWallArea>
            <auc:TotalExteriorBelowGradeWallArea>5000.0</auc:TotalExteriorBelowGradeWallArea>
            <auc:YearOfConstruction>1999</auc:YearOfConstruction>
            <auc:YearOfLastEnergyAudit>2015</auc:YearOfLastEnergyAudit>
            <auc:RetrocommissioningDate>2012-01-01</auc:RetrocommissioningDate>
            <auc:YearOfLastMajorRemodel>2011</auc:YearOfLastMajorRemodel>
            <auc:PercentOccupiedByOwner>100.0</auc:PercentOccupiedByOwner>
            <auc:NumberOfFacilitiesOnSite>2</auc:NumberOfFacilitiesOnSite>
            <auc:Subsections>
              <auc:Subsection ID="Subsection-70234398269980">
                <auc:OccupancyClassification>Office</auc:OccupancyClassification>
                <auc:TypicalOccupantUsages>
                  <auc:TypicalOccupantUsage>
                    <auc:TypicalOccupantUsageValue>60.0</auc:TypicalOccupantUsageValue>
                    <auc:TypicalOccupantUsageUnits>Hours per week</auc:TypicalOccupantUsageUnits>
                  </auc:TypicalOccupantUsage>
                  <auc:TypicalOccupantUsage>
                    <auc:TypicalOccupantUsageValue>50.0</auc:TypicalOccupantUsageValue>
                    <auc:TypicalOccupantUsageUnits>Weeks per year</auc:TypicalOccupantUsageUnits>
                  </auc:TypicalOccupantUsage>
                </auc:TypicalOccupantUsages>
                <auc:FloorAreas>
                  <auc:FloorArea>
                    <auc:FloorAreaType>Gross</auc:FloorAreaType>
                    <auc:FloorAreaValue>275345.0</auc:FloorAreaValue>
                  </auc:FloorArea>
                  <auc:FloorArea>
                    <auc:FloorAreaType>Common</auc:FloorAreaType>
                    <auc:FloorAreaValue>27534.5</auc:FloorAreaValue>
                  </auc:FloorArea>
                  <auc:FloorArea>
                    <auc:FloorAreaType>Tenant</auc:FloorAreaType>
                    <auc:FloorAreaValue>247810.5</auc:FloorAreaValue>
                  </auc:FloorArea>
                </auc:FloorAreas>
              </auc:Subsection>
              <auc:Subsection ID="Subsection-70234398249320">
                <auc:OccupancyClassification>Parking</auc:OccupancyClassification>
                <auc:FloorAreas>
                  <auc:FloorArea>
                    <auc:FloorAreaType>Gross</auc:FloorAreaType>
                    <auc:FloorAreaValue>20000.0</auc:FloorAreaValue>
                  </auc:FloorArea>
                  <auc:FloorArea>
                    <auc:FloorAreaType>Common</auc:FloorAreaType>
                    <auc:FloorAreaValue>20000.0</auc:FloorAreaValue>
                  </auc:FloorArea>
                  <auc:FloorArea>
                    <auc:FloorAreaType>Tenant</auc:FloorAreaType>
                    <auc:FloorAreaValue>0.0</auc:FloorAreaValue>
                  </auc:FloorArea>
                </auc:FloorAreas>
              </auc:Subsection>
            </auc:Subsections>
            <auc:UserDefinedFields>
              <auc:UserDefinedField>
                <auc:FieldName>Above Grade Demising Wall Area</auc:FieldName>
                <auc:FieldValue>0.0</auc:FieldValue>
              </auc:UserDefinedField>
              <auc:UserDefinedField>
                <auc:FieldName>Spaces Excluded from GFA</auc:FieldName>
                <auc:FieldValue></auc:FieldValue>
              </auc:UserDefinedField>
            </auc:UserDefinedFields>
          </auc:Facility>
        </auc:Facilities>
      </auc:Site>
    </auc:Sites>
    <auc:Systems>
      <auc:HVACSystems>
        <auc:HVACSystem ID="HVACSystem-70234408765100">
          <auc:Plants>
            <auc:HeatingPlant ID="HeatingPlant-70234408532560">
              <auc:Boiler>
                <auc:BoilerType>Direct steam</auc:BoilerType>
                <auc:BurnerControlType>Full Modulation Manual</auc:BurnerControlType>
                <auc:DraftType>Unknown</auc:DraftType>
                <auc:OutputCapacity>120.0</auc:OutputCapacity>
                <auc:CapacityUnits>kBtu/hr</auc:CapacityUnits>
                <auc:AnnualHeatingEfficiencyValue>82.0</auc:AnnualHeatingEfficiencyValue>
                <auc:AnnualHeatingEfficiencyUnit>AFUE</auc:AnnualHeatingEfficiencyUnit>
                <auc:Quantity>2</auc:Quantity>
              </auc:Boiler>
            </auc:HeatingPlant>
            <auc:CoolingPlant ID="CoolingPlant-70234392891600">
              <auc:Chiller>
                <auc:ChillerType>Absorption</auc:ChillerType>
                <auc:ChillerCompressorDriver>Other</auc:ChillerCompressorDriver>
                <auc:CondenserPlantID IDref="CondenserPlant-70234408675260"></auc:CondenserPlantID>
                <auc:AbsorptionStages>Single effect</auc:AbsorptionStages>
                <auc:AnnualCoolingEfficiencyValue>0.7200000286102295</auc:AnnualCoolingEfficiencyValue>
                <auc:AnnualCoolingEfficiencyUnits>kW/ton</auc:AnnualCoolingEfficiencyUnits>
                <auc:Capacity>12.0</auc:Capacity>
                <auc:CapacityUnits>kBtu/hr</auc:CapacityUnits>
                <auc:Quantity>2</auc:Quantity>
              </auc:Chiller>
              <auc:CoolingPlantCondition>Average</auc:CoolingPlantCondition>
            </auc:CoolingPlant>
            <auc:CondenserPlant ID="CondenserPlant-70234408675260">
              <auc:WaterCooled>
                <auc:WaterCooledCondenserType>Cooling tower</auc:WaterCooledCondenserType>
                <auc:WaterCooledCondenserFlowControl>Fixed Flow</auc:WaterCooledCondenserFlowControl>
                <auc:CoolingTowerFanControl>Single Speed</auc:CoolingTowerFanControl>
              </auc:WaterCooled>
            </auc:CondenserPlant>
          </auc:Plants>
          <auc:HeatingAndCoolingSystems>
            <auc:ZoningSystemType>Multi zone</auc:ZoningSystemType>
            <auc:HeatingSource ID="HeatingSource-70234392852280">
              <auc:HeatingSourceType>
                <auc:SourceHeatingPlantID IDref="HeatingPlant-70234408532560"></auc:SourceHeatingPlantID>
              </auc:HeatingSourceType>
              <auc:CapacityUnits>kBtu/hr</auc:CapacityUnits>
            </auc:HeatingSource>
            <auc:CoolingSource ID="CoolingSource-70234408572640">
              <auc:CoolingSourceType>
                <auc:CoolingPlantID IDref="CoolingPlant-70234392891600"></auc:CoolingPlantID>
              </auc:CoolingSourceType>
              <auc:CapacityUnits>kBtu/hr</auc:CapacityUnits>
            </auc:CoolingSource>
            <auc:Delivery ID="Delivery-70234392832520">
              <auc:DeliveryType>
                <auc:FanBased>
                  <auc:FanBasedDistributionType>
                    <auc:CentralAirDistribution>
                      <auc:AirDeliveryType>Local fan</auc:AirDeliveryType>
                    </auc:CentralAirDistribution>
                  </auc:FanBasedDistributionType>
                </auc:FanBased>
              </auc:DeliveryType>
              <auc:HeatingSourceID IDref="HeatingSource-70234392852280"></auc:HeatingSourceID>
              <auc:CoolingSourceID IDref="CoolingSource-70234408572640"></auc:CoolingSourceID>
            </auc:Delivery>
          </auc:HeatingAndCoolingSystems>
          <auc:OtherHVACSystems>
            <auc:OtherHVACSystem ID="OtherHVACSystem-70234392816180">
              <auc:OtherHVACType>
                <auc:MechanicalVentilation>
                  <auc:DemandControlVentilation>true</auc:DemandControlVentilation>
                </auc:MechanicalVentilation>
              </auc:OtherHVACType>
              <auc:LinkedDeliveryID>Delivery-70234392832520</auc:LinkedDeliveryID>
              <auc:UserDefinedFields>
                <auc:UserDefinedField>
                  <auc:FieldName>Type</auc:FieldName>
                  <auc:FieldValue>none</auc:FieldValue>
                </auc:UserDefinedField>
              </auc:UserDefinedFields>
            </auc:OtherHVACSystem>
          </auc:OtherHVACSystems>
          <auc:LinkedPremises>
            <auc:Subsection>
              <auc:LinkedSubsectionID IDref="Subsection-70234398269980"></auc:LinkedSubsectionID>
            </auc:Subsection>
          </auc:LinkedPremises>
          <auc:UserDefinedFields>
            <auc:UserDefinedField>
              <auc:FieldName>PercentPremisesServedCommon-Subsection-70234398269980</auc:FieldName>
              <auc:FieldValue>100</auc:FieldValue>
            </auc:UserDefinedField>
            <auc:UserDefinedField>
              <auc:FieldName>PercentPremisesServedTenant-Subsection-70234398269980</auc:FieldName>
              <auc:FieldValue>100</auc:FieldValue>
            </auc:UserDefinedField>
            <auc:UserDefinedField>
              <auc:FieldName>DistributionEquipmentType</auc:FieldName>
              <auc:FieldValue>Forced Air</auc:FieldValue>
            </auc:UserDefinedField>
            <auc:UserDefinedField>
              <auc:FieldName>OtherCentralDistributionType</auc:FieldName>
              <auc:FieldValue></auc:FieldValue>
            </auc:UserDefinedField>
            <auc:UserDefinedField>
              <auc:FieldName>OtherDistributionEquipmentType</auc:FieldName>
              <auc:FieldValue></auc:FieldValue>
            </auc:UserDefinedField>
          </auc:UserDefinedFields>
        </auc:HVACSystem>
        <auc:HVACSystem ID="HVACSystem-70234392785400">
          <auc:HeatingAndCoolingSystems>
            <auc:ZoningSystemType>Single zone</auc:ZoningSystemType>
            <auc:HeatingSource ID="HeatingSource-70234392701920">
              <auc:HeatingSourceType>
                <auc:NoHeating></auc:NoHeating>
              </auc:HeatingSourceType>
              <auc:CapacityUnits>kBtu/hr</auc:CapacityUnits>
            </auc:HeatingSource>
            <auc:CoolingSource ID="CoolingSource-70234392734180">
              <auc:CoolingSourceType>
                <auc:NoCooling></auc:NoCooling>
              </auc:CoolingSourceType>
              <auc:CapacityUnits>kBtu/hr</auc:CapacityUnits>
            </auc:CoolingSource>
            <auc:Delivery ID="Delivery-70234392685980">
              <auc:DeliveryType>
                <auc:FanBased>
                  <auc:FanBasedDistributionType>
                    <auc:CentralAirDistribution>
                      <auc:AirDeliveryType>Central fan</auc:AirDeliveryType>
                    </auc:CentralAirDistribution>
                  </auc:FanBasedDistributionType>
                </auc:FanBased>
              </auc:DeliveryType>
              <auc:HeatingSourceID IDref="HeatingSource-70234392701920"></auc:HeatingSourceID>
              <auc:CoolingSourceID IDref="CoolingSource-70234392734180"></auc:CoolingSourceID>
            </auc:Delivery>
          </auc:HeatingAndCoolingSystems>
          <auc:OtherHVACSystems>
            <auc:OtherHVACSystem ID="OtherHVACSystem-70234392670820">
              <auc:OtherHVACType>
                <auc:MechanicalVentilation>
                  <auc:DemandControlVentilation>false</auc:DemandControlVentilation>
                </auc:MechanicalVentilation>
              </auc:OtherHVACType>
              <auc:LinkedDeliveryID>Delivery-70234392685980</auc:LinkedDeliveryID>
              <auc:UserDefinedFields>
                <auc:UserDefinedField>
                  <auc:FieldName>Type</auc:FieldName>
                  <auc:FieldValue>none</auc:FieldValue>
                </auc:UserDefinedField>
              </auc:UserDefinedFields>
            </auc:OtherHVACSystem>
          </auc:OtherHVACSystems>
          <auc:LinkedPremises>
            <auc:Subsection>
              <auc:LinkedSubsectionID IDref="Subsection-70234398249320"></auc:LinkedSubsectionID>
            </auc:Subsection>
          </auc:LinkedPremises>
          <auc:UserDefinedFields>
            <auc:UserDefinedField>
              <auc:FieldName>PercentPremisesServedCommon-Subsection-70234398249320</auc:FieldName>
              <auc:FieldValue>100</auc:FieldValue>
            </auc:UserDefinedField>
            <auc:UserDefinedField>
              <auc:FieldName>PercentPremisesServedTenant-Subsection-70234398249320</auc:FieldName>
              <auc:FieldValue>0</auc:FieldValue>
            </auc:UserDefinedField>
            <auc:UserDefinedField>
              <auc:FieldName>DistributionEquipmentType</auc:FieldName>
              <auc:FieldValue>Forced Air</auc:FieldValue>
            </auc:UserDefinedField>
            <auc:UserDefinedField>
              <auc:FieldName>OtherCentralDistributionType</auc:FieldName>
              <auc:FieldValue></auc:FieldValue>
            </auc:UserDefinedField>
            <auc:UserDefinedField>
              <auc:FieldName>OtherDistributionEquipmentType</auc:FieldName>
              <auc:FieldValue></auc:FieldValue>
            </auc:UserDefinedField>
          </auc:UserDefinedFields>
        </auc:HVACSystem>
      </auc:HVACSystems>
      <auc:LightingSystems>
        <auc:LightingSystem ID="LightingSystem-70234408011300">
          <auc:LampType>
            <auc:SolidStateLighting>
              <auc:LampLabel>LED</auc:LampLabel>
            </auc:SolidStateLighting>
          </auc:LampType>
          <auc:BallastType>Electronic</auc:BallastType>
          <auc:InstallationType>Plug-in</auc:InstallationType>
          <auc:LampPower>15</auc:LampPower>
          <auc:NumberOfLampsPerLuminaire>1</auc:NumberOfLampsPerLuminaire>
          <auc:LinkedPremises>
            <auc:Subsection>
              <auc:LinkedSubsectionID IDref="Subsection-70234398269980"></auc:LinkedSubsectionID>
            </auc:Subsection>
          </auc:LinkedPremises>
          <auc:UserDefinedFields>
            <auc:UserDefinedField>
              <auc:FieldName>PercentPremisesServedCommon-Subsection-70234398269980</auc:FieldName>
              <auc:FieldValue>0.0</auc:FieldValue>
            </auc:UserDefinedField>
            <auc:UserDefinedField>
              <auc:FieldName>PercentPremisesServedTenant-Subsection-70234398269980</auc:FieldName>
              <auc:FieldValue>50.0</auc:FieldValue>
            </auc:UserDefinedField>
          </auc:UserDefinedFields>
        </auc:LightingSystem>
        <auc:LightingSystem ID="LightingSystem-70234407910100">
          <auc:LampType>
            <auc:LinearFluorescent>
              <auc:LampLabel>T8</auc:LampLabel>
              <auc:LampLength>Unknown</auc:LampLength>
            </auc:LinearFluorescent>
          </auc:LampType>
          <auc:BallastType>Electronic</auc:BallastType>
          <auc:InstallationType>Recessed</auc:InstallationType>
          <auc:LampPower>32</auc:LampPower>
          <auc:NumberOfLampsPerLuminaire>4</auc:NumberOfLampsPerLuminaire>
          <auc:LinkedPremises>
            <auc:Subsection>
              <auc:LinkedSubsectionID IDref="Subsection-70234398269980"></auc:LinkedSubsectionID>
              <auc:LinkedSubsectionID IDref="Subsection-70234398249320"></auc:LinkedSubsectionID>
            </auc:Subsection>
          </auc:LinkedPremises>
          <auc:UserDefinedFields>
            <auc:UserDefinedField>
              <auc:FieldName>PercentPremisesServed-Subsection-70234398269980</auc:FieldName>
              <auc:FieldValue>0.0</auc:FieldValue>
            </auc:UserDefinedField>
            <auc:UserDefinedField>
              <auc:FieldName>PercentPremisesServedCommon-Subsection-70234398269980</auc:FieldName>
              <auc:FieldValue>0.0</auc:FieldValue>
            </auc:UserDefinedField>
            <auc:UserDefinedField>
              <auc:FieldName>PercentPremisesServedTenant-Subsection-70234398269980</auc:FieldName>
              <auc:FieldValue>0.0</auc:FieldValue>
            </auc:UserDefinedField>
            <auc:UserDefinedField>
              <auc:FieldName>PercentPremisesServedCommon-Subsection-70234398249320</auc:FieldName>
              <auc:FieldValue>100.0</auc:FieldValue>
            </auc:UserDefinedField>
            <auc:UserDefinedField>
              <auc:FieldName>PercentPremisesServedTenant-Subsection-70234398249320</auc:FieldName>
              <auc:FieldValue>0.0</auc:FieldValue>
            </auc:UserDefinedField>
          </auc:UserDefinedFields>
        </auc:LightingSystem>
      </auc:LightingSystems>
      <auc:DomesticHotWaterSystems>
        <auc:DomesticHotWaterSystem ID="DomesticHotWaterSystem-70234407783960">
          <auc:DomesticHotWaterType>
            <auc:StorageTank>
              <auc:TankHeatingType>
                <auc:Direct>
                  <auc:DirectTankHeatingSource>
                    <auc:Combustion>
                      <auc:DraftType>Unknown</auc:DraftType>
                    </auc:Combustion>
                  </auc:DirectTankHeatingSource>
                </auc:Direct>
              </auc:TankHeatingType>
              <auc:TankVolume>90.0</auc:TankVolume>
              <auc:StorageTankInsulationRValue>20.0</auc:StorageTankInsulationRValue>
              <auc:StorageTankInsulationThickness>2.0</auc:StorageTankInsulationThickness>
            </auc:StorageTank>
          </auc:DomesticHotWaterType>
          <auc:HotWaterDistributionType>Distributed</auc:HotWaterDistributionType>
          <auc:WaterHeaterEfficiencyType>Thermal Efficiency</auc:WaterHeaterEfficiencyType>
          <auc:WaterHeaterEfficiency>80.0</auc:WaterHeaterEfficiency>
          <auc:YearInstalled>1999</auc:YearInstalled>
          <auc:PrimaryFuel>Natural gas</auc:PrimaryFuel>
          <auc:Location>Mechanical Room</auc:Location>
          <auc:LinkedPremises>
            <auc:Subsection>
              <auc:LinkedSubsectionID IDref="Subsection-70234398269980"></auc:LinkedSubsectionID>
            </auc:Subsection>
          </auc:LinkedPremises>
          <auc:UserDefinedFields>
            <auc:UserDefinedField>
              <auc:FieldName>PercentPremisesServedCommon-Subsection-70234398269980</auc:FieldName>
              <auc:FieldValue>100</auc:FieldValue>
            </auc:UserDefinedField>
            <auc:UserDefinedField>
              <auc:FieldName>PercentPremisesServedTenant-Subsection-70234398269980</auc:FieldName>
              <auc:FieldValue>100</auc:FieldValue>
            </auc:UserDefinedField>
            <auc:UserDefinedField>
              <auc:FieldName>DomesticHotWaterType</auc:FieldName>
              <auc:FieldValue>Direct Fired- Storage</auc:FieldValue>
            </auc:UserDefinedField>
          </auc:UserDefinedFields>
        </auc:DomesticHotWaterSystem>
        <auc:DomesticHotWaterSystem ID="DomesticHotWaterSystem-70234400365520">
          <auc:DomesticHotWaterType>
            <auc:StorageTank>
              <auc:TankHeatingType>
                <auc:Unknown></auc:Unknown>
              </auc:TankHeatingType>
            </auc:StorageTank>
          </auc:DomesticHotWaterType>
          <auc:LinkedPremises>
            <auc:Subsection>
              <auc:LinkedSubsectionID IDref="Subsection-70234398249320"></auc:LinkedSubsectionID>
            </auc:Subsection>
          </auc:LinkedPremises>
          <auc:UserDefinedFields>
            <auc:UserDefinedField>
              <auc:FieldName>PercentPremisesServedCommon-Subsection-70234398249320</auc:FieldName>
              <auc:FieldValue>100</auc:FieldValue>
            </auc:UserDefinedField>
            <auc:UserDefinedField>
              <auc:FieldName>PercentPremisesServedTenant-Subsection-70234398249320</auc:FieldName>
              <auc:FieldValue>0</auc:FieldValue>
            </auc:UserDefinedField>
            <auc:UserDefinedField>
              <auc:FieldName>DomesticHotWaterType</auc:FieldName>
              <auc:FieldValue>No SHW System</auc:FieldValue>
            </auc:UserDefinedField>
          </auc:UserDefinedFields>
        </auc:DomesticHotWaterSystem>
      </auc:DomesticHotWaterSystems>
      <auc:PumpSystems>
        <auc:PumpSystem ID="PumpSystem-70234392892960">
          <auc:PumpControlType>Constant Volume</auc:PumpControlType>
          <auc:LinkedSystemID IDref="CondenserPlant-70234408675260"></auc:LinkedSystemID>
        </auc:PumpSystem>
      </auc:PumpSystems>
      <auc:WallSystems>
        <auc:WallSystem ID="WallSystem-70234403230460">
          <auc:ExteriorWallConstruction>Steel frame</auc:ExteriorWallConstruction>
          <auc:ExteriorWallFinish>Metal panel</auc:ExteriorWallFinish>
          <auc:WallInsulations>
            <auc:WallInsulation>
              <auc:WallInsulationRValue>20.0</auc:WallInsulationRValue>
            </auc:WallInsulation>
          </auc:WallInsulations>
        </auc:WallSystem>
      </auc:WallSystems>
      <auc:RoofSystems>
        <auc:RoofSystem ID="RoofSystem-70234399979680">
          <auc:RoofConstruction>Built up</auc:RoofConstruction>
          <auc:RoofInsulation>
            <auc:RoofInsulationRValue>20.0</auc:RoofInsulationRValue>
          </auc:RoofInsulation>
          <auc:DeckType>Concrete</auc:DeckType>
          <auc:RoofSlope>Sloped</auc:RoofSlope>
        </auc:RoofSystem>
        <auc:RoofSystem ID="RoofSystem-70234407049180">
          <auc:RoofConstruction>Built up</auc:RoofConstruction>
          <auc:RoofInsulation>
            <auc:RoofInsulationRValue>3.0</auc:RoofInsulationRValue>
          </auc:RoofInsulation>
          <auc:DeckType>Steel</auc:DeckType>
          <auc:RoofSlope>Flat</auc:RoofSlope>
        </auc:RoofSystem>
      </auc:RoofSystems>
      <auc:FenestrationSystems>
        <auc:FenestrationSystem ID="FenestrationSystem-70234403164820">
          <auc:FenestrationType>
            <auc:Window></auc:Window>
          </auc:FenestrationType>
          <auc:FenestrationFrameMaterial>Aluminum no thermal break</auc:FenestrationFrameMaterial>
          <auc:FenestrationOperation>false</auc:FenestrationOperation>
          <auc:GlassType>Clear uncoated</auc:GlassType>
          <auc:FenestrationGasFill>yes</auc:FenestrationGasFill>
          <auc:FenestrationGlassLayers>Double pane</auc:FenestrationGlassLayers>
          <auc:FenestrationUFactor>0.9</auc:FenestrationUFactor>
          <auc:SolarHeatGainCoefficient>0.7</auc:SolarHeatGainCoefficient>
          <auc:VisibleTransmittance>0.6</auc:VisibleTransmittance>
        </auc:FenestrationSystem>
      </auc:FenestrationSystems>
      <auc:PlugLoads>
        <auc:PlugLoad ID="PlugLoad-70234400015400">
          <auc:LinkedPremises>
            <auc:Subsection>
              <auc:LinkedSubsectionID IDref="Subsection-70234398269980"></auc:LinkedSubsectionID>
            </auc:Subsection>
          </auc:LinkedPremises>
        </auc:PlugLoad>
      </auc:PlugLoads>
    </auc:Systems>
    <auc:Measures>
      <auc:Measure ID="Measure-70234405777820">
        <auc:SystemCategoryAffected>Critical IT System</auc:SystemCategoryAffected>
        <auc:TechnologyCategories>
          <auc:TechnologyCategory>
            <auc:PlugLoadReductions>
              <auc:MeasureName>Upgrade servers</auc:MeasureName>
            </auc:PlugLoadReductions>
          </auc:TechnologyCategory>
        </auc:TechnologyCategories>
        <auc:LongDescription>new servers</auc:LongDescription>
        <auc:MeasureSavingsAnalysis>
          <auc:CalculationMethod>
            <auc:Estimated></auc:Estimated>
          </auc:CalculationMethod>
          <auc:FundingFromIncentives>1000.0</auc:FundingFromIncentives>
        </auc:MeasureSavingsAnalysis>
        <auc:UsefulLife>8.0</auc:UsefulLife>
        <auc:MeasureTotalFirstCost>30000.0</auc:MeasureTotalFirstCost>
        <auc:Recommended>true</auc:Recommended>
        <auc:UserDefinedFields>
          <auc:UserDefinedField>
            <auc:FieldName>Change in O&amp;M Cost Annually</auc:FieldName>
            <auc:FieldValue>800.0</auc:FieldValue>
          </auc:UserDefinedField>
        </auc:UserDefinedFields>
      </auc:Measure>
      <auc:Measure ID="Measure-70234405460220">
        <auc:SystemCategoryAffected>Domestic Hot Water</auc:SystemCategoryAffected>
        <auc:TechnologyCategories>
          <auc:TechnologyCategory>
            <auc:ChilledWaterHotWaterAndSteamDistributionSystems>
              <auc:MeasureName>Insulate DHW tank</auc:MeasureName>
            </auc:ChilledWaterHotWaterAndSteamDistributionSystems>
          </auc:TechnologyCategory>
        </auc:TechnologyCategories>
        <auc:LongDescription>add insulation</auc:LongDescription>
        <auc:MeasureSavingsAnalysis>
          <auc:CalculationMethod>
            <auc:Modeled></auc:Modeled>
          </auc:CalculationMethod>
          <auc:FundingFromIncentives>100.0</auc:FundingFromIncentives>
        </auc:MeasureSavingsAnalysis>
        <auc:UsefulLife>2.0</auc:UsefulLife>
        <auc:MeasureTotalFirstCost>500.0</auc:MeasureTotalFirstCost>
        <auc:Recommended>true</auc:Recommended>
        <auc:UserDefinedFields>
          <auc:UserDefinedField>
            <auc:FieldName>Change in O&amp;M Cost Annually</auc:FieldName>
            <auc:FieldValue>500.0</auc:FieldValue>
          </auc:UserDefinedField>
        </auc:UserDefinedFields>
      </auc:Measure>
      <auc:Measure ID="Measure-70234409692020">
        <auc:SystemCategoryAffected>Domestic Hot Water</auc:SystemCategoryAffected>
        <auc:TechnologyCategories>
          <auc:TechnologyCategory>
            <auc:ChilledWaterHotWaterAndSteamDistributionSystems>
              <auc:MeasureName>Install heat pump DHW system</auc:MeasureName>
            </auc:ChilledWaterHotWaterAndSteamDistributionSystems>
          </auc:TechnologyCategory>
        </auc:TechnologyCategories>
        <auc:LongDescription>Hilton bldg only</auc:LongDescription>
        <auc:MeasureSavingsAnalysis>
          <auc:CalculationMethod>
            <auc:Estimated></auc:Estimated>
          </auc:CalculationMethod>
          <auc:FundingFromIncentives>50.0</auc:FundingFromIncentives>
        </auc:MeasureSavingsAnalysis>
        <auc:UsefulLife>2.0</auc:UsefulLife>
        <auc:MeasureTotalFirstCost>100.0</auc:MeasureTotalFirstCost>
        <auc:Recommended>true</auc:Recommended>
        <auc:UserDefinedFields>
          <auc:UserDefinedField>
            <auc:FieldName>Change in O&amp;M Cost Annually</auc:FieldName>
            <auc:FieldValue>100.0</auc:FieldValue>
          </auc:UserDefinedField>
        </auc:UserDefinedFields>
      </auc:Measure>
    </auc:Measures>
    <auc:Report>
      <auc:Scenarios>
        <auc:Scenario ID="Scenario-70234405713680">
          <auc:ScenarioName>Computer pack</auc:ScenarioName>
          <auc:ScenarioType>
            <auc:PackageOfMeasures>
              <auc:MeasureIDs>
                <auc:MeasureID IDref="Measure-70234405777820"></auc:MeasureID>
              </auc:MeasureIDs>
              <auc:AnnualSavingsCost>1500</auc:AnnualSavingsCost>
              <auc:AnnualSavingsByFuel>
                <auc:EnergyResource>Electricity</auc:EnergyResource>
                <auc:ResourceUnits>kWh</auc:ResourceUnits>
                <auc:AnnualSavingsNativeUnits>1000.0</auc:AnnualSavingsNativeUnits>
              </auc:AnnualSavingsByFuel>
              <auc:AnnualSavingsByFuel>
                <auc:EnergyResource>Natural gas</auc:EnergyResource>
                <auc:ResourceUnits>therms</auc:ResourceUnits>
                <auc:AnnualSavingsNativeUnits>300.0</auc:AnnualSavingsNativeUnits>
              </auc:AnnualSavingsByFuel>
              <auc:AnnualSavingsByFuel>
                <auc:EnergyResource>Fuel oil no 1</auc:EnergyResource>
                <auc:ResourceUnits>Gallons</auc:ResourceUnits>
                <auc:AnnualSavingsNativeUnits>10.0</auc:AnnualSavingsNativeUnits>
              </auc:AnnualSavingsByFuel>
              <auc:AnnualSavingsByFuel>
                <auc:EnergyResource>Fuel oil no 2</auc:EnergyResource>
                <auc:ResourceUnits>Gallons</auc:ResourceUnits>
                <auc:AnnualSavingsNativeUnits>20.0</auc:AnnualSavingsNativeUnits>
              </auc:AnnualSavingsByFuel>
              <auc:AnnualPeakElectricityReduction>500.0</auc:AnnualPeakElectricityReduction>
            </auc:PackageOfMeasures>
          </auc:ScenarioType>
          <auc:LinkedPremises>
            <auc:Facility>
              <auc:LinkedFacilityID IDref="Facility-70234398324140"></auc:LinkedFacilityID>
            </auc:Facility>
          </auc:LinkedPremises>
          <auc:UserDefinedFields>
            <auc:UserDefinedField>
              <auc:FieldName>Recommendation Category</auc:FieldName>
              <auc:FieldValue>Low Cost and No Cost Recommendations</auc:FieldValue>
            </auc:UserDefinedField>
          </auc:UserDefinedFields>
        </auc:Scenario>
        <auc:Scenario ID="Scenario-70234413796720">
          <auc:ScenarioName>SHW package</auc:ScenarioName>
          <auc:ScenarioType>
            <auc:PackageOfMeasures>
              <auc:MeasureIDs>
                <auc:MeasureID IDref="Measure-70234405460220"></auc:MeasureID>
                <auc:MeasureID IDref="Measure-70234409692020"></auc:MeasureID>
              </auc:MeasureIDs>
              <auc:AnnualSavingsCost>1000</auc:AnnualSavingsCost>
              <auc:AnnualSavingsByFuel>
                <auc:EnergyResource>Electricity</auc:EnergyResource>
                <auc:ResourceUnits>kWh</auc:ResourceUnits>
                <auc:AnnualSavingsNativeUnits>50.0</auc:AnnualSavingsNativeUnits>
              </auc:AnnualSavingsByFuel>
              <auc:AnnualSavingsByFuel>
                <auc:EnergyResource>Natural gas</auc:EnergyResource>
                <auc:ResourceUnits>therms</auc:ResourceUnits>
                <auc:AnnualSavingsNativeUnits>100.0</auc:AnnualSavingsNativeUnits>
              </auc:AnnualSavingsByFuel>
              <auc:AnnualSavingsByFuel>
                <auc:EnergyResource>District steam</auc:EnergyResource>
                <auc:ResourceUnits>Mlbs</auc:ResourceUnits>
                <auc:AnnualSavingsNativeUnits>0.0</auc:AnnualSavingsNativeUnits>
              </auc:AnnualSavingsByFuel>
              <auc:AnnualSavingsByFuel>
                <auc:EnergyResource>Fuel oil no 1</auc:EnergyResource>
                <auc:ResourceUnits>Gallons</auc:ResourceUnits>
                <auc:AnnualSavingsNativeUnits>20.0</auc:AnnualSavingsNativeUnits>
              </auc:AnnualSavingsByFuel>
              <auc:AnnualSavingsByFuel>
                <auc:EnergyResource>Fuel oil no 2</auc:EnergyResource>
                <auc:ResourceUnits>Gallons</auc:ResourceUnits>
                <auc:AnnualSavingsNativeUnits>0.0</auc:AnnualSavingsNativeUnits>
              </auc:AnnualSavingsByFuel>
              <auc:AnnualPeakElectricityReduction>150.0</auc:AnnualPeakElectricityReduction>
            </auc:PackageOfMeasures>
          </auc:ScenarioType>
          <auc:LinkedPremises>
            <auc:Facility>
              <auc:LinkedFacilityID IDref="Facility-70234398324140"></auc:LinkedFacilityID>
            </auc:Facility>
          </auc:LinkedPremises>
          <auc:UserDefinedFields>
            <auc:UserDefinedField>
              <auc:FieldName>Recommendation Category</auc:FieldName>
              <auc:FieldValue>Low Cost and No Cost Recommendations</auc:FieldValue>
            </auc:UserDefinedField>
          </auc:UserDefinedFields>
        </auc:Scenario>
        <auc:Scenario ID="Scenario-70234409491780">
          <auc:AllResourceTotals>
            <auc:AllResourceTotal ID="AllResourceTotal-70234409489600">
              <auc:WaterIntensity>56.0</auc:WaterIntensity>
            </auc:AllResourceTotal>
          </auc:AllResourceTotals>
          <auc:LinkedPremises>
            <auc:Facility>
              <auc:LinkedFacilityID IDref="Facility-70234398324140"></auc:LinkedFacilityID>
            </auc:Facility>
          </auc:LinkedPremises>
        </auc:Scenario>
        <auc:Scenario ID="Scenario-70234409470800">
          <auc:ResourceUses>
            <auc:ResourceUse ID="ResourceUse-70234409470460">
              <auc:EnergyResource>Natural gas</auc:EnergyResource>
              <auc:ResourceBoundary>Site</auc:ResourceBoundary>
              <auc:ResourceUnits>therms</auc:ResourceUnits>
              <auc:EndUse>Domestic hot water</auc:EndUse>
              <auc:AnnualFuelUseNativeUnits>800.0</auc:AnnualFuelUseNativeUnits>
            </auc:ResourceUse>
            <auc:ResourceUse ID="ResourceUse-70234409436600">
              <auc:EnergyResource>Electricity</auc:EnergyResource>
              <auc:ResourceBoundary>Site</auc:ResourceBoundary>
              <auc:ResourceUnits>kWh</auc:ResourceUnits>
              <auc:EndUse>Cooling</auc:EndUse>
              <auc:AnnualFuelUseNativeUnits>333.0</auc:AnnualFuelUseNativeUnits>
            </auc:ResourceUse>
            <auc:ResourceUse ID="ResourceUse-70234408840640">
              <auc:EnergyResource>Natural gas</auc:EnergyResource>
              <auc:ResourceBoundary>Site</auc:ResourceBoundary>
              <auc:ResourceUnits>therms</auc:ResourceUnits>
              <auc:EndUse>All end uses</auc:EndUse>
              <auc:AnnualFuelUseNativeUnits>800.0</auc:AnnualFuelUseNativeUnits>
            </auc:ResourceUse>
            <auc:ResourceUse ID="ResourceUse-70234408787660">
              <auc:EnergyResource>Electricity</auc:EnergyResource>
              <auc:ResourceBoundary>Site</auc:ResourceBoundary>
              <auc:ResourceUnits>kWh</auc:ResourceUnits>
              <auc:EndUse>All end uses</auc:EndUse>
              <auc:AnnualFuelUseNativeUnits>333.0</auc:AnnualFuelUseNativeUnits>
            </auc:ResourceUse>
          </auc:ResourceUses>
          <auc:LinkedPremises>
            <auc:Facility>
              <auc:LinkedFacilityID IDref="Facility-70234398324140"></auc:LinkedFacilityID>
            </auc:Facility>
          </auc:LinkedPremises>
        </auc:Scenario>
      </auc:Scenarios>
      <auc:Qualifications>
        <auc:AuditorQualification>Certified Energy Auditor (CEA)</auc:AuditorQualification>
        <auc:AuditorQualificationNumber>1234</auc:AuditorQualificationNumber>
        <auc:CertificationExpirationDate>2018-08-01</auc:CertificationExpirationDate>
        <auc:CertifiedAuditTeamMemberContactID IDref="Contact-70234558989420"></auc:CertifiedAuditTeamMemberContactID>
      </auc:Qualifications>
      <auc:Qualifications>
        <auc:AuditorQualificationNumber>1234</auc:AuditorQualificationNumber>
        <auc:CertificationExpirationDate>2018-08-01</auc:CertificationExpirationDate>
        <auc:CertifiedAuditTeamMemberContactID IDref="Contact-70234395810660"></auc:CertifiedAuditTeamMemberContactID>
        <auc:AuditTeamMemberCertificationType>Building Performance Institute (BPI) Certification</auc:AuditTeamMemberCertificationType>
      </auc:Qualifications>
      <auc:Qualifications>
        <auc:AuditorQualificationNumber>2345</auc:AuditorQualificationNumber>
        <auc:CertificationExpirationDate>2018-08-01</auc:CertificationExpirationDate>
        <auc:CertifiedAuditTeamMemberContactID IDref="Contact-70234398476680"></auc:CertifiedAuditTeamMemberContactID>
        <auc:AuditTeamMemberCertificationType>Department of Buildings (DOB) Approved Agent</auc:AuditTeamMemberCertificationType>
      </auc:Qualifications>
      <auc:AuditorContactID IDref="Contact-70234558989420"></auc:AuditorContactID>
      <auc:UserDefinedFields>
        <auc:UserDefinedField>
          <auc:FieldName>ASHRAEAuditLevel1Date</auc:FieldName>
          <auc:FieldValue>2017-01-31</auc:FieldValue>
        </auc:UserDefinedField>
        <auc:UserDefinedField>
          <auc:FieldName>ASHRAEAuditLevel2Date</auc:FieldName>
          <auc:FieldValue>2017-08-01</auc:FieldValue>
        </auc:UserDefinedField>
        <auc:UserDefinedField>
          <auc:FieldName>Auditor&apos;s Years of Experience</auc:FieldName>
          <auc:FieldValue>5</auc:FieldValue>
        </auc:UserDefinedField>
      </auc:UserDefinedFields>
    </auc:Report>
    <auc:Contacts>
      <auc:Contact ID="Contact-70234559056300">
        <auc:ContactRole>Contributor</auc:ContactRole>
        <auc:ContactName>Doug Baldwin - Sub</auc:ContactName>
        <auc:ContactCompany>Submitter Company</auc:ContactCompany>
        <auc:Address>
          <auc:StreetAddressDetail>
            <auc:Simplified>
              <auc:StreetAddress>123 Street</auc:StreetAddress>
            </auc:Simplified>
          </auc:StreetAddressDetail>
          <auc:City>Chicago</auc:City>
          <auc:State>IL</auc:State>
          <auc:PostalCode>60601</auc:PostalCode>
        </auc:Address>
        <auc:ContactTelephoneNumbers>
          <auc:ContactTelephoneNumber>(111) 111-1111</auc:ContactTelephoneNumber>
        </auc:ContactTelephoneNumbers>
        <auc:ContactEmailAddresses>
          <auc:ContactEmailAddress>doug.baldwin@aol.com</auc:ContactEmailAddress>
        </auc:ContactEmailAddresses>
      </auc:Contact>
      <auc:Contact ID="Contact-70234558989420">
        <auc:ContactRole>Energy Auditor</auc:ContactRole>
        <auc:ContactName>Steve Largent - Aud</auc:ContactName>
        <auc:ContactCompany>Auditor Company</auc:ContactCompany>
        <auc:Address>
          <auc:StreetAddressDetail>
            <auc:Simplified>
              <auc:StreetAddress>123 Street</auc:StreetAddress>
            </auc:Simplified>
          </auc:StreetAddressDetail>
          <auc:City>Chicago</auc:City>
          <auc:State>IL</auc:State>
          <auc:PostalCode>60601</auc:PostalCode>
        </auc:Address>
        <auc:ContactTelephoneNumbers>
          <auc:ContactTelephoneNumber>(222) 222-2222</auc:ContactTelephoneNumber>
        </auc:ContactTelephoneNumbers>
        <auc:ContactEmailAddresses>
          <auc:ContactEmailAddress>steve.largent@aol.com</auc:ContactEmailAddress>
        </auc:ContactEmailAddresses>
      </auc:Contact>
      <auc:Contact ID="Contact-70234395810660">
        <auc:ContactRole>Operator</auc:ContactRole>
        <auc:ContactName>Steve Smith - BOper</auc:ContactName>
        <auc:ContactCompany>Building Operator</auc:ContactCompany>
        <auc:Address>
          <auc:StreetAddressDetail>
            <auc:Simplified>
              <auc:StreetAddress>123 Street</auc:StreetAddress>
            </auc:Simplified>
          </auc:StreetAddressDetail>
          <auc:City>Chicago</auc:City>
          <auc:State>IL</auc:State>
          <auc:PostalCode>60601</auc:PostalCode>
        </auc:Address>
        <auc:ContactTelephoneNumbers>
          <auc:ContactTelephoneNumber>(666) 666-6666</auc:ContactTelephoneNumber>
        </auc:ContactTelephoneNumbers>
        <auc:ContactEmailAddresses>
          <auc:ContactEmailAddress>steve.smith@aol.com</auc:ContactEmailAddress>
        </auc:ContactEmailAddresses>
      </auc:Contact>
      <auc:Contact ID="Contact-70234398535080">
        <auc:ContactRole>Owner</auc:ContactRole>
        <auc:ContactName>Jim Zorn - BOwn</auc:ContactName>
        <auc:ContactCompany>Acme Properties</auc:ContactCompany>
        <auc:Address>
          <auc:StreetAddressDetail>
            <auc:Simplified>
              <auc:StreetAddress>123 Street</auc:StreetAddress>
            </auc:Simplified>
          </auc:StreetAddressDetail>
          <auc:City>Chicago</auc:City>
          <auc:State>IL</auc:State>
          <auc:PostalCode>60601</auc:PostalCode>
        </auc:Address>
        <auc:ContactTelephoneNumbers>
          <auc:ContactTelephoneNumber>(333) 333-3333</auc:ContactTelephoneNumber>
        </auc:ContactTelephoneNumbers>
        <auc:ContactEmailAddresses>
          <auc:ContactEmailAddress>jim.zorn@aol.com</auc:ContactEmailAddress>
        </auc:ContactEmailAddresses>
      </auc:Contact>
      <auc:Contact ID="Contact-70234398476680">
        <auc:ContactRole>Qualified Assessor</auc:ContactRole>
        <auc:ContactName>Russell Wilson - Lic Pro</auc:ContactName>
        <auc:ContactCompany>Licensed Professional</auc:ContactCompany>
        <auc:Address>
          <auc:StreetAddressDetail>
            <auc:Simplified>
              <auc:StreetAddress>123 Street</auc:StreetAddress>
            </auc:Simplified>
          </auc:StreetAddressDetail>
          <auc:City>Chicago</auc:City>
          <auc:State>IL</auc:State>
          <auc:PostalCode>60601</auc:PostalCode>
        </auc:Address>
        <auc:ContactTelephoneNumbers>
          <auc:ContactTelephoneNumber>(444) 444-4444</auc:ContactTelephoneNumber>
        </auc:ContactTelephoneNumbers>
        <auc:ContactEmailAddresses>
          <auc:ContactEmailAddress>russell.wilson@aol.com</auc:ContactEmailAddress>
        </auc:ContactEmailAddresses>
      </auc:Contact>
      <auc:Contact ID="Contact-70234398407960">
        <auc:ContactRole>Property Management Company</auc:ContactRole>
        <auc:ContactName>Curt Warner - PM</auc:ContactName>
        <auc:ContactCompany>Property Management Inc.</auc:ContactCompany>
        <auc:Address>
          <auc:StreetAddressDetail>
            <auc:Simplified>
              <auc:StreetAddress>123 Street</auc:StreetAddress>
            </auc:Simplified>
          </auc:StreetAddressDetail>
          <auc:City>Chicago</auc:City>
          <auc:State>IL</auc:State>
          <auc:PostalCode>60601</auc:PostalCode>
        </auc:Address>
        <auc:ContactTelephoneNumbers>
          <auc:ContactTelephoneNumber>(555) 555-5555</auc:ContactTelephoneNumber>
        </auc:ContactTelephoneNumbers>
        <auc:ContactEmailAddresses>
          <auc:ContactEmailAddress>curt.warner@aol.com</auc:ContactEmailAddress>
        </auc:ContactEmailAddresses>
      </auc:Contact>
    </auc:Contacts>
    <auc:UserDefinedFields>
      <auc:UserDefinedField>
        <auc:FieldName>BIN</auc:FieldName>
        <auc:FieldValue>1811255</auc:FieldValue>
      </auc:UserDefinedField>
      <auc:UserDefinedField>
        <auc:FieldName>Borough</auc:FieldName>
        <auc:FieldValue>Manhattan</auc:FieldValue>
      </auc:UserDefinedField>
      <auc:UserDefinedField>
        <auc:FieldName>BuildingsOnLot</auc:FieldName>
        <auc:FieldValue>2</auc:FieldValue>
      </auc:UserDefinedField>
      <auc:UserDefinedField>
        <auc:FieldName>EER</auc:FieldName>
        <auc:FieldValue>A</auc:FieldValue>
      </auc:UserDefinedField>
      <auc:UserDefinedField>
        <auc:FieldName>PropertyName</auc:FieldName>
        <auc:FieldValue>NYC BBL AT Demo Property - live</auc:FieldValue>
      </auc:UserDefinedField>
      <auc:UserDefinedField>
        <auc:FieldName>TaxBlock</auc:FieldName>
        <auc:FieldValue>01013</auc:FieldValue>
      </auc:UserDefinedField>
      <auc:UserDefinedField>
        <auc:FieldName>TaxLot</auc:FieldName>
        <auc:FieldValue>0120</auc:FieldValue>
      </auc:UserDefinedField>
    </auc:UserDefinedFields>
  </auc:Audit>
</auc:Audits>