<?xml version="1.0" encoding="UTF-8"?>
<auc:BuildingSync xmlns:xsi="http://www.w3.org/2001/XMLSchema-instance" xmlns:auc="http://buildingsync.net/schemas/bedes-auc/2019" xsi:schemaLocation="http://buildingsync.net/schemas/bedes-auc/2019 https://raw.github.com/BuildingSync/schema/v2.4.0/BuildingSync.xsd" version="2.4.0">
  <auc:Facilities>
    <auc:Facility ID="Facility-1">
      <auc:Sites>
        <auc:Site ID="Site-1">
          <auc:Buildings>
            <auc:Building ID="Building-1">
              <auc:PremisesName>BETTER Example - Courthouse</auc:PremisesName>
              <auc:PremisesIdentifiers>
                <auc:PremisesIdentifier>
                  <auc:IdentifierLabel>Custom</auc:IdentifierLabel>
                  <auc:IdentifierCustomName>seed_analysis_property_view_id</auc:IdentifierCustomName>
                  <auc:IdentifierValue>531</auc:IdentifierValue>
                </auc:PremisesIdentifier>
              </auc:PremisesIdentifiers>
              <auc:Address>
                <auc:City>Banning</auc:City>
                <auc:State>CA</auc:State>
                <auc:PostalCode>92220</auc:PostalCode>
              </auc:Address>
              <auc:eGRIDSubregionCodes>
                <auc:eGRIDSubregionCode>CAMX</auc:eGRIDSubregionCode>
              </auc:eGRIDSubregionCodes>
              <auc:Longitude>-116.8899</auc:Longitude>
              <auc:Latitude>33.9282</auc:Latitude>
              <auc:OccupancyClassification>Courthouse</auc:OccupancyClassification>
              <auc:FloorAreas>
                <auc:FloorArea>
                  <auc:FloorAreaType>Gross</auc:FloorAreaType>
                  <auc:FloorAreaValue>65204.0</auc:FloorAreaValue>
                </auc:FloorArea>
              </auc:FloorAreas>
            </auc:Building>
          </auc:Buildings>
        </auc:Site>
      </auc:Sites>
      <auc:Reports>
        <auc:Report ID="Report-1">
          <auc:Scenarios>
            <auc:Scenario ID="Scenario-Measured">
              <auc:ScenarioType>
                <auc:CurrentBuilding>
                  <auc:CalculationMethod>
                    <auc:Measured/>
                  </auc:CalculationMethod>
                </auc:CurrentBuilding>
              </auc:ScenarioType>
              <auc:ResourceUses>
                <auc:ResourceUse ID="ResourceUse-000">
                  <auc:EnergyResource>Natural gas</auc:EnergyResource>
                  <auc:ResourceUnits>kBtu</auc:ResourceUnits>
                  <auc:EndUse>All end uses</auc:EndUse>
                </auc:ResourceUse>
                <auc:ResourceUse ID="ResourceUse-001">
                  <auc:EnergyResource>Electricity</auc:EnergyResource>
                  <auc:ResourceUnits>kBtu</auc:ResourceUnits>
                  <auc:EndUse>All end uses</auc:EndUse>
                </auc:ResourceUse>
              </auc:ResourceUses>
              <auc:TimeSeriesData>
                <auc:TimeSeries ID="TimeSeries-000-000">
                  <auc:ReadingType>Total</auc:ReadingType>
                  <auc:StartTimestamp>2018-01-01T08:00:00+00:00</auc:StartTimestamp>
                  <auc:EndTimestamp>2018-01-31T08:00:00+00:00</auc:EndTimestamp>
                  <auc:IntervalFrequency>Month</auc:IntervalFrequency>
                  <auc:IntervalReading>287700.0</auc:IntervalReading>
                  <auc:ResourceUseID IDref="ResourceUse-000"/>
                </auc:TimeSeries>
                <auc:TimeSeries ID="TimeSeries-000-001">
                  <auc:ReadingType>Total</auc:ReadingType>
                  <auc:StartTimestamp>2018-02-01T08:00:00+00:00</auc:StartTimestamp>
                  <auc:EndTimestamp>2018-02-28T08:00:00+00:00</auc:EndTimestamp>
                  <auc:IntervalFrequency>Month</auc:IntervalFrequency>
                  <auc:IntervalReading>324100.0</auc:IntervalReading>
                  <auc:ResourceUseID IDref="ResourceUse-000"/>
                </auc:TimeSeries>
                <auc:TimeSeries ID="TimeSeries-000-002">
                  <auc:ReadingType>Total</auc:ReadingType>
                  <auc:StartTimestamp>2018-03-01T08:00:00+00:00</auc:StartTimestamp>
                  <auc:EndTimestamp>2018-03-31T07:00:00+00:00</auc:EndTimestamp>
                  <auc:IntervalFrequency>Month</auc:IntervalFrequency>
                  <auc:IntervalReading>181700.0</auc:IntervalReading>
                  <auc:ResourceUseID IDref="ResourceUse-000"/>
                </auc:TimeSeries>
                <auc:TimeSeries ID="TimeSeries-000-003">
                  <auc:ReadingType>Total</auc:ReadingType>
                  <auc:StartTimestamp>2018-04-01T07:00:00+00:00</auc:StartTimestamp>
                  <auc:EndTimestamp>2018-04-30T07:00:00+00:00</auc:EndTimestamp>
                  <auc:IntervalFrequency>Month</auc:IntervalFrequency>
                  <auc:IntervalReading>128600.0</auc:IntervalReading>
                  <auc:ResourceUseID IDref="ResourceUse-000"/>
                </auc:TimeSeries>
                <auc:TimeSeries ID="TimeSeries-000-004">
                  <auc:ReadingType>Total</auc:ReadingType>
                  <auc:StartTimestamp>2018-05-01T07:00:00+00:00</auc:StartTimestamp>
                  <auc:EndTimestamp>2018-05-31T07:00:00+00:00</auc:EndTimestamp>
                  <auc:IntervalFrequency>Month</auc:IntervalFrequency>
                  <auc:IntervalReading>125200.0</auc:IntervalReading>
                  <auc:ResourceUseID IDref="ResourceUse-000"/>
                </auc:TimeSeries>
                <auc:TimeSeries ID="TimeSeries-000-005">
                  <auc:ReadingType>Total</auc:ReadingType>
                  <auc:StartTimestamp>2018-06-01T07:00:00+00:00</auc:StartTimestamp>
                  <auc:EndTimestamp>2018-06-30T07:00:00+00:00</auc:EndTimestamp>
                  <auc:IntervalFrequency>Month</auc:IntervalFrequency>
                  <auc:IntervalReading>216000.0</auc:IntervalReading>
                  <auc:ResourceUseID IDref="ResourceUse-000"/>
                </auc:TimeSeries>
                <auc:TimeSeries ID="TimeSeries-000-006">
                  <auc:ReadingType>Total</auc:ReadingType>
                  <auc:StartTimestamp>2018-07-01T07:00:00+00:00</auc:StartTimestamp>
                  <auc:EndTimestamp>2018-07-31T07:00:00+00:00</auc:EndTimestamp>
                  <auc:IntervalFrequency>Month</auc:IntervalFrequency>
                  <auc:IntervalReading>177300.0</auc:IntervalReading>
                  <auc:ResourceUseID IDref="ResourceUse-000"/>
                </auc:TimeSeries>
                <auc:TimeSeries ID="TimeSeries-000-007">
                  <auc:ReadingType>Total</auc:ReadingType>
                  <auc:StartTimestamp>2018-08-01T07:00:00+00:00</auc:StartTimestamp>
                  <auc:EndTimestamp>2018-08-31T07:00:00+00:00</auc:EndTimestamp>
                  <auc:IntervalFrequency>Month</auc:IntervalFrequency>
                  <auc:IntervalReading>89700.0</auc:IntervalReading>
                  <auc:ResourceUseID IDref="ResourceUse-000"/>
                </auc:TimeSeries>
                <auc:TimeSeries ID="TimeSeries-000-008">
                  <auc:ReadingType>Total</auc:ReadingType>
                  <auc:StartTimestamp>2018-09-01T07:00:00+00:00</auc:StartTimestamp>
                  <auc:EndTimestamp>2018-09-30T07:00:00+00:00</auc:EndTimestamp>
                  <auc:IntervalFrequency>Month</auc:IntervalFrequency>
                  <auc:IntervalReading>132100.0</auc:IntervalReading>
                  <auc:ResourceUseID IDref="ResourceUse-000"/>
                </auc:TimeSeries>
                <auc:TimeSeries ID="TimeSeries-000-009">
                  <auc:ReadingType>Total</auc:ReadingType>
                  <auc:StartTimestamp>2018-10-01T07:00:00+00:00</auc:StartTimestamp>
                  <auc:EndTimestamp>2018-10-31T07:00:00+00:00</auc:EndTimestamp>
                  <auc:IntervalFrequency>Month</auc:IntervalFrequency>
                  <auc:IntervalReading>161100.0</auc:IntervalReading>
                  <auc:ResourceUseID IDref="ResourceUse-000"/>
                </auc:TimeSeries>
                <auc:TimeSeries ID="TimeSeries-000-010">
                  <auc:ReadingType>Total</auc:ReadingType>
                  <auc:StartTimestamp>2018-11-01T07:00:00+00:00</auc:StartTimestamp>
                  <auc:EndTimestamp>2018-11-30T08:00:00+00:00</auc:EndTimestamp>
                  <auc:IntervalFrequency>Month</auc:IntervalFrequency>
                  <auc:IntervalReading>221800.0</auc:IntervalReading>
                  <auc:ResourceUseID IDref="ResourceUse-000"/>
                </auc:TimeSeries>
                <auc:TimeSeries ID="TimeSeries-000-011">
                  <auc:ReadingType>Total</auc:ReadingType>
                  <auc:StartTimestamp>2018-12-01T08:00:00+00:00</auc:StartTimestamp>
                  <auc:EndTimestamp>2018-12-31T08:00:00+00:00</auc:EndTimestamp>
                  <auc:IntervalFrequency>Month</auc:IntervalFrequency>
                  <auc:IntervalReading>295900.0</auc:IntervalReading>
                  <auc:ResourceUseID IDref="ResourceUse-000"/>
                </auc:TimeSeries>
                <auc:TimeSeries ID="TimeSeries-000-012">
                  <auc:ReadingType>Total</auc:ReadingType>
                  <auc:StartTimestamp>2019-01-01T08:00:00+00:00</auc:StartTimestamp>
                  <auc:EndTimestamp>2019-01-31T08:00:00+00:00</auc:EndTimestamp>
                  <auc:IntervalFrequency>Month</auc:IntervalFrequency>
                  <auc:IntervalReading>305000.0</auc:IntervalReading>
                  <auc:ResourceUseID IDref="ResourceUse-000"/>
                </auc:TimeSeries>
                <auc:TimeSeries ID="TimeSeries-000-013">
                  <auc:ReadingType>Total</auc:ReadingType>
                  <auc:StartTimestamp>2019-02-01T08:00:00+00:00</auc:StartTimestamp>
                  <auc:EndTimestamp>2019-02-28T08:00:00+00:00</auc:EndTimestamp>
                  <auc:IntervalFrequency>Month</auc:IntervalFrequency>
                  <auc:IntervalReading>281500.0</auc:IntervalReading>
                  <auc:ResourceUseID IDref="ResourceUse-000"/>
                </auc:TimeSeries>
                <auc:TimeSeries ID="TimeSeries-000-014">
                  <auc:ReadingType>Total</auc:ReadingType>
                  <auc:StartTimestamp>2019-03-01T08:00:00+00:00</auc:StartTimestamp>
                  <auc:EndTimestamp>2019-03-31T07:00:00+00:00</auc:EndTimestamp>
                  <auc:IntervalFrequency>Month</auc:IntervalFrequency>
                  <auc:IntervalReading>330800.0</auc:IntervalReading>
                  <auc:ResourceUseID IDref="ResourceUse-000"/>
                </auc:TimeSeries>
                <auc:TimeSeries ID="TimeSeries-000-015">
                  <auc:ReadingType>Total</auc:ReadingType>
                  <auc:StartTimestamp>2019-04-01T07:00:00+00:00</auc:StartTimestamp>
                  <auc:EndTimestamp>2019-04-30T07:00:00+00:00</auc:EndTimestamp>
                  <auc:IntervalFrequency>Month</auc:IntervalFrequency>
                  <auc:IntervalReading>178400.0</auc:IntervalReading>
                  <auc:ResourceUseID IDref="ResourceUse-000"/>
                </auc:TimeSeries>
                <auc:TimeSeries ID="TimeSeries-000-016">
                  <auc:ReadingType>Total</auc:ReadingType>
                  <auc:StartTimestamp>2019-05-01T07:00:00+00:00</auc:StartTimestamp>
                  <auc:EndTimestamp>2019-05-31T07:00:00+00:00</auc:EndTimestamp>
                  <auc:IntervalFrequency>Month</auc:IntervalFrequency>
                  <auc:IntervalReading>177300.0</auc:IntervalReading>
                  <auc:ResourceUseID IDref="ResourceUse-000"/>
                </auc:TimeSeries>
                <auc:TimeSeries ID="TimeSeries-000-017">
                  <auc:ReadingType>Total</auc:ReadingType>
                  <auc:StartTimestamp>2019-06-01T07:00:00+00:00</auc:StartTimestamp>
                  <auc:EndTimestamp>2019-06-30T07:00:00+00:00</auc:EndTimestamp>
                  <auc:IntervalFrequency>Month</auc:IntervalFrequency>
                  <auc:IntervalReading>237800.0</auc:IntervalReading>
                  <auc:ResourceUseID IDref="ResourceUse-000"/>
                </auc:TimeSeries>
                <auc:TimeSeries ID="TimeSeries-000-018">
                  <auc:ReadingType>Total</auc:ReadingType>
                  <auc:StartTimestamp>2019-07-01T07:00:00+00:00</auc:StartTimestamp>
                  <auc:EndTimestamp>2019-07-31T07:00:00+00:00</auc:EndTimestamp>
                  <auc:IntervalFrequency>Month</auc:IntervalFrequency>
                  <auc:IntervalReading>208000.0</auc:IntervalReading>
                  <auc:ResourceUseID IDref="ResourceUse-000"/>
                </auc:TimeSeries>
                <auc:TimeSeries ID="TimeSeries-000-019">
                  <auc:ReadingType>Total</auc:ReadingType>
                  <auc:StartTimestamp>2019-08-01T07:00:00+00:00</auc:StartTimestamp>
                  <auc:EndTimestamp>2019-08-31T07:00:00+00:00</auc:EndTimestamp>
                  <auc:IntervalFrequency>Month</auc:IntervalFrequency>
                  <auc:IntervalReading>172800.0</auc:IntervalReading>
                  <auc:ResourceUseID IDref="ResourceUse-000"/>
                </auc:TimeSeries>
                <auc:TimeSeries ID="TimeSeries-000-020">
                  <auc:ReadingType>Total</auc:ReadingType>
                  <auc:StartTimestamp>2019-09-01T07:00:00+00:00</auc:StartTimestamp>
                  <auc:EndTimestamp>2019-09-30T07:00:00+00:00</auc:EndTimestamp>
                  <auc:IntervalFrequency>Month</auc:IntervalFrequency>
                  <auc:IntervalReading>86700.0</auc:IntervalReading>
                  <auc:ResourceUseID IDref="ResourceUse-000"/>
                </auc:TimeSeries>
                <auc:TimeSeries ID="TimeSeries-000-021">
                  <auc:ReadingType>Total</auc:ReadingType>
                  <auc:StartTimestamp>2019-10-01T07:00:00+00:00</auc:StartTimestamp>
                  <auc:EndTimestamp>2019-10-31T07:00:00+00:00</auc:EndTimestamp>
                  <auc:IntervalFrequency>Month</auc:IntervalFrequency>
                  <auc:IntervalReading>208400.0</auc:IntervalReading>
                  <auc:ResourceUseID IDref="ResourceUse-000"/>
                </auc:TimeSeries>
                <auc:TimeSeries ID="TimeSeries-000-022">
                  <auc:ReadingType>Total</auc:ReadingType>
                  <auc:StartTimestamp>2019-11-01T07:00:00+00:00</auc:StartTimestamp>
                  <auc:EndTimestamp>2019-11-30T08:00:00+00:00</auc:EndTimestamp>
                  <auc:IntervalFrequency>Month</auc:IntervalFrequency>
                  <auc:IntervalReading>234100.0</auc:IntervalReading>
                  <auc:ResourceUseID IDref="ResourceUse-000"/>
                </auc:TimeSeries>
                <auc:TimeSeries ID="TimeSeries-000-023">
                  <auc:ReadingType>Total</auc:ReadingType>
                  <auc:StartTimestamp>2019-12-01T08:00:00+00:00</auc:StartTimestamp>
                  <auc:EndTimestamp>2019-12-31T08:00:00+00:00</auc:EndTimestamp>
                  <auc:IntervalFrequency>Month</auc:IntervalFrequency>
                  <auc:IntervalReading>256900.0</auc:IntervalReading>
                  <auc:ResourceUseID IDref="ResourceUse-000"/>
                </auc:TimeSeries>
                <auc:TimeSeries ID="TimeSeries-000-024">
                  <auc:ReadingType>Total</auc:ReadingType>
                  <auc:StartTimestamp>2020-01-01T08:00:00+00:00</auc:StartTimestamp>
                  <auc:EndTimestamp>2020-01-31T08:00:00+00:00</auc:EndTimestamp>
                  <auc:IntervalFrequency>Month</auc:IntervalFrequency>
                  <auc:IntervalReading>238500.0</auc:IntervalReading>
                  <auc:ResourceUseID IDref="ResourceUse-000"/>
                </auc:TimeSeries>
                <auc:TimeSeries ID="TimeSeries-000-025">
                  <auc:ReadingType>Total</auc:ReadingType>
                  <auc:StartTimestamp>2020-02-01T08:00:00+00:00</auc:StartTimestamp>
                  <auc:EndTimestamp>2020-02-29T08:00:00+00:00</auc:EndTimestamp>
                  <auc:IntervalFrequency>Month</auc:IntervalFrequency>
                  <auc:IntervalReading>208900.0</auc:IntervalReading>
                  <auc:ResourceUseID IDref="ResourceUse-000"/>
                </auc:TimeSeries>
                <auc:TimeSeries ID="TimeSeries-000-026">
                  <auc:ReadingType>Total</auc:ReadingType>
                  <auc:StartTimestamp>2020-03-01T08:00:00+00:00</auc:StartTimestamp>
                  <auc:EndTimestamp>2020-03-31T07:00:00+00:00</auc:EndTimestamp>
                  <auc:IntervalFrequency>Month</auc:IntervalFrequency>
                  <auc:IntervalReading>170400.0</auc:IntervalReading>
                  <auc:ResourceUseID IDref="ResourceUse-000"/>
                </auc:TimeSeries>
                <auc:TimeSeries ID="TimeSeries-000-027">
                  <auc:ReadingType>Total</auc:ReadingType>
                  <auc:StartTimestamp>2020-04-01T07:00:00+00:00</auc:StartTimestamp>
                  <auc:EndTimestamp>2020-04-30T07:00:00+00:00</auc:EndTimestamp>
                  <auc:IntervalFrequency>Month</auc:IntervalFrequency>
                  <auc:IntervalReading>136800.0</auc:IntervalReading>
                  <auc:ResourceUseID IDref="ResourceUse-000"/>
                </auc:TimeSeries>
                <auc:TimeSeries ID="TimeSeries-000-028">
                  <auc:ReadingType>Total</auc:ReadingType>
                  <auc:StartTimestamp>2020-05-01T07:00:00+00:00</auc:StartTimestamp>
                  <auc:EndTimestamp>2020-05-31T07:00:00+00:00</auc:EndTimestamp>
                  <auc:IntervalFrequency>Month</auc:IntervalFrequency>
                  <auc:IntervalReading>60100.0</auc:IntervalReading>
                  <auc:ResourceUseID IDref="ResourceUse-000"/>
                </auc:TimeSeries>
                <auc:TimeSeries ID="TimeSeries-000-029">
                  <auc:ReadingType>Total</auc:ReadingType>
                  <auc:StartTimestamp>2020-06-01T07:00:00+00:00</auc:StartTimestamp>
                  <auc:EndTimestamp>2020-06-30T07:00:00+00:00</auc:EndTimestamp>
                  <auc:IntervalFrequency>Month</auc:IntervalFrequency>
                  <auc:IntervalReading>1300.0</auc:IntervalReading>
                  <auc:ResourceUseID IDref="ResourceUse-000"/>
                </auc:TimeSeries>
                <auc:TimeSeries ID="TimeSeries-000-030">
                  <auc:ReadingType>Total</auc:ReadingType>
                  <auc:StartTimestamp>2020-07-01T07:00:00+00:00</auc:StartTimestamp>
                  <auc:EndTimestamp>2020-07-31T07:00:00+00:00</auc:EndTimestamp>
                  <auc:IntervalFrequency>Month</auc:IntervalFrequency>
                  <auc:IntervalReading>5900.0</auc:IntervalReading>
                  <auc:ResourceUseID IDref="ResourceUse-000"/>
                </auc:TimeSeries>
                <auc:TimeSeries ID="TimeSeries-000-031">
                  <auc:ReadingType>Total</auc:ReadingType>
                  <auc:StartTimestamp>2020-08-01T07:00:00+00:00</auc:StartTimestamp>
                  <auc:EndTimestamp>2020-08-31T07:00:00+00:00</auc:EndTimestamp>
                  <auc:IntervalFrequency>Month</auc:IntervalFrequency>
                  <auc:IntervalReading>5600.0</auc:IntervalReading>
                  <auc:ResourceUseID IDref="ResourceUse-000"/>
                </auc:TimeSeries>
                <auc:TimeSeries ID="TimeSeries-000-032">
                  <auc:ReadingType>Total</auc:ReadingType>
                  <auc:StartTimestamp>2020-09-01T07:00:00+00:00</auc:StartTimestamp>
                  <auc:EndTimestamp>2020-09-30T07:00:00+00:00</auc:EndTimestamp>
                  <auc:IntervalFrequency>Month</auc:IntervalFrequency>
                  <auc:IntervalReading>5900.0</auc:IntervalReading>
                  <auc:ResourceUseID IDref="ResourceUse-000"/>
                </auc:TimeSeries>
                <auc:TimeSeries ID="TimeSeries-000-033">
                  <auc:ReadingType>Total</auc:ReadingType>
                  <auc:StartTimestamp>2020-10-01T07:00:00+00:00</auc:StartTimestamp>
                  <auc:EndTimestamp>2020-10-31T07:00:00+00:00</auc:EndTimestamp>
                  <auc:IntervalFrequency>Month</auc:IntervalFrequency>
                  <auc:IntervalReading>5900.0</auc:IntervalReading>
                  <auc:ResourceUseID IDref="ResourceUse-000"/>
                </auc:TimeSeries>
                <auc:TimeSeries ID="TimeSeries-000-034">
                  <auc:ReadingType>Total</auc:ReadingType>
                  <auc:StartTimestamp>2020-11-01T07:00:00+00:00</auc:StartTimestamp>
                  <auc:EndTimestamp>2020-11-30T08:00:00+00:00</auc:EndTimestamp>
                  <auc:IntervalFrequency>Month</auc:IntervalFrequency>
                  <auc:IntervalReading>80000.0</auc:IntervalReading>
                  <auc:ResourceUseID IDref="ResourceUse-000"/>
                </auc:TimeSeries>
                <auc:TimeSeries ID="TimeSeries-000-035">
                  <auc:ReadingType>Total</auc:ReadingType>
                  <auc:StartTimestamp>2020-12-01T08:00:00+00:00</auc:StartTimestamp>
                  <auc:EndTimestamp>2020-12-31T08:00:00+00:00</auc:EndTimestamp>
                  <auc:IntervalFrequency>Month</auc:IntervalFrequency>
                  <auc:IntervalReading>169600.0</auc:IntervalReading>
                  <auc:ResourceUseID IDref="ResourceUse-000"/>
                </auc:TimeSeries>
                <auc:TimeSeries ID="TimeSeries-001-000">
                  <auc:ReadingType>Total</auc:ReadingType>
                  <auc:StartTimestamp>2018-01-01T08:00:00+00:00</auc:StartTimestamp>
                  <auc:EndTimestamp>2018-02-01T08:00:00+00:00</auc:EndTimestamp>
                  <auc:IntervalFrequency>Month</auc:IntervalFrequency>
                  <auc:IntervalReading>281325.0</auc:IntervalReading>
                  <auc:ResourceUseID IDref="ResourceUse-001"/>
                </auc:TimeSeries>
                <auc:TimeSeries ID="TimeSeries-001-001">
                  <auc:ReadingType>Total</auc:ReadingType>
                  <auc:StartTimestamp>2018-02-01T08:00:00+00:00</auc:StartTimestamp>
                  <auc:EndTimestamp>2018-03-01T08:00:00+00:00</auc:EndTimestamp>
                  <auc:IntervalFrequency>Month</auc:IntervalFrequency>
                  <auc:IntervalReading>284394.0</auc:IntervalReading>
                  <auc:ResourceUseID IDref="ResourceUse-001"/>
                </auc:TimeSeries>
                <auc:TimeSeries ID="TimeSeries-001-002">
                  <auc:ReadingType>Total</auc:ReadingType>
                  <auc:StartTimestamp>2018-03-01T08:00:00+00:00</auc:StartTimestamp>
                  <auc:EndTimestamp>2018-04-01T07:00:00+00:00</auc:EndTimestamp>
                  <auc:IntervalFrequency>Month</auc:IntervalFrequency>
                  <auc:IntervalReading>264957.0</auc:IntervalReading>
                  <auc:ResourceUseID IDref="ResourceUse-001"/>
                </auc:TimeSeries>
                <auc:TimeSeries ID="TimeSeries-001-003">
                  <auc:ReadingType>Total</auc:ReadingType>
                  <auc:StartTimestamp>2018-04-01T07:00:00+00:00</auc:StartTimestamp>
                  <auc:EndTimestamp>2018-05-01T07:00:00+00:00</auc:EndTimestamp>
                  <auc:IntervalFrequency>Month</auc:IntervalFrequency>
                  <auc:IntervalReading>290532.0</auc:IntervalReading>
                  <auc:ResourceUseID IDref="ResourceUse-001"/>
                </auc:TimeSeries>
                <auc:TimeSeries ID="TimeSeries-001-004">
                  <auc:ReadingType>Total</auc:ReadingType>
                  <auc:StartTimestamp>2018-05-01T07:00:00+00:00</auc:StartTimestamp>
                  <auc:EndTimestamp>2018-06-01T07:00:00+00:00</auc:EndTimestamp>
                  <auc:IntervalFrequency>Month</auc:IntervalFrequency>
                  <auc:IntervalReading>279279.0</auc:IntervalReading>
                  <auc:ResourceUseID IDref="ResourceUse-001"/>
                </auc:TimeSeries>
                <auc:TimeSeries ID="TimeSeries-001-005">
                  <auc:ReadingType>Total</auc:ReadingType>
                  <auc:StartTimestamp>2018-06-01T07:00:00+00:00</auc:StartTimestamp>
                  <auc:EndTimestamp>2018-07-01T07:00:00+00:00</auc:EndTimestamp>
                  <auc:IntervalFrequency>Month</auc:IntervalFrequency>
                  <auc:IntervalReading>313038.0</auc:IntervalReading>
                  <auc:ResourceUseID IDref="ResourceUse-001"/>
                </auc:TimeSeries>
                <auc:TimeSeries ID="TimeSeries-001-006">
                  <auc:ReadingType>Total</auc:ReadingType>
                  <auc:StartTimestamp>2018-07-01T07:00:00+00:00</auc:StartTimestamp>
                  <auc:EndTimestamp>2018-08-01T07:00:00+00:00</auc:EndTimestamp>
                  <auc:IntervalFrequency>Month</auc:IntervalFrequency>
                  <auc:IntervalReading>330429.0</auc:IntervalReading>
                  <auc:ResourceUseID IDref="ResourceUse-001"/>
                </auc:TimeSeries>
                <auc:TimeSeries ID="TimeSeries-001-007">
                  <auc:ReadingType>Total</auc:ReadingType>
                  <auc:StartTimestamp>2018-08-01T07:00:00+00:00</auc:StartTimestamp>
                  <auc:EndTimestamp>2018-09-01T07:00:00+00:00</auc:EndTimestamp>
                  <auc:IntervalFrequency>Month</auc:IntervalFrequency>
                  <auc:IntervalReading>368280.0</auc:IntervalReading>
                  <auc:ResourceUseID IDref="ResourceUse-001"/>
                </auc:TimeSeries>
                <auc:TimeSeries ID="TimeSeries-001-008">
                  <auc:ReadingType>Total</auc:ReadingType>
                  <auc:StartTimestamp>2018-09-01T07:00:00+00:00</auc:StartTimestamp>
                  <auc:EndTimestamp>2018-10-01T07:00:00+00:00</auc:EndTimestamp>
                  <auc:IntervalFrequency>Month</auc:IntervalFrequency>
                  <auc:IntervalReading>332475.0</auc:IntervalReading>
                  <auc:ResourceUseID IDref="ResourceUse-001"/>
                </auc:TimeSeries>
                <auc:TimeSeries ID="TimeSeries-001-009">
                  <auc:ReadingType>Total</auc:ReadingType>
                  <auc:StartTimestamp>2018-10-01T07:00:00+00:00</auc:StartTimestamp>
                  <auc:EndTimestamp>2018-11-01T07:00:00+00:00</auc:EndTimestamp>
                  <auc:IntervalFrequency>Month</auc:IntervalFrequency>
                  <auc:IntervalReading>338613.0</auc:IntervalReading>
                  <auc:ResourceUseID IDref="ResourceUse-001"/>
                </auc:TimeSeries>
                <auc:TimeSeries ID="TimeSeries-001-010">
                  <auc:ReadingType>Total</auc:ReadingType>
                  <auc:StartTimestamp>2018-11-01T07:00:00+00:00</auc:StartTimestamp>
                  <auc:EndTimestamp>2018-12-01T08:00:00+00:00</auc:EndTimestamp>
                  <auc:IntervalFrequency>Month</auc:IntervalFrequency>
                  <auc:IntervalReading>310992.0</auc:IntervalReading>
                  <auc:ResourceUseID IDref="ResourceUse-001"/>
                </auc:TimeSeries>
                <auc:TimeSeries ID="TimeSeries-001-011">
                  <auc:ReadingType>Total</auc:ReadingType>
                  <auc:StartTimestamp>2018-12-01T08:00:00+00:00</auc:StartTimestamp>
                  <auc:EndTimestamp>2019-01-01T08:00:00+00:00</auc:EndTimestamp>
                  <auc:IntervalFrequency>Month</auc:IntervalFrequency>
                  <auc:IntervalReading>314061.0</auc:IntervalReading>
                  <auc:ResourceUseID IDref="ResourceUse-001"/>
                </auc:TimeSeries>
                <auc:TimeSeries ID="TimeSeries-001-012">
                  <auc:ReadingType>Total</auc:ReadingType>
                  <auc:StartTimestamp>2019-01-01T08:00:00+00:00</auc:StartTimestamp>
                  <auc:EndTimestamp>2019-02-01T08:00:00+00:00</auc:EndTimestamp>
                  <auc:IntervalFrequency>Month</auc:IntervalFrequency>
                  <auc:IntervalReading>306900.0</auc:IntervalReading>
                  <auc:ResourceUseID IDref="ResourceUse-001"/>
                </auc:TimeSeries>
                <auc:TimeSeries ID="TimeSeries-001-013">
                  <auc:ReadingType>Total</auc:ReadingType>
                  <auc:StartTimestamp>2019-02-01T08:00:00+00:00</auc:StartTimestamp>
                  <auc:EndTimestamp>2019-03-01T08:00:00+00:00</auc:EndTimestamp>
                  <auc:IntervalFrequency>Month</auc:IntervalFrequency>
                  <auc:IntervalReading>319176.0</auc:IntervalReading>
                  <auc:ResourceUseID IDref="ResourceUse-001"/>
                </auc:TimeSeries>
                <auc:TimeSeries ID="TimeSeries-001-014">
                  <auc:ReadingType>Total</auc:ReadingType>
                  <auc:StartTimestamp>2019-03-01T08:00:00+00:00</auc:StartTimestamp>
                  <auc:EndTimestamp>2019-04-01T07:00:00+00:00</auc:EndTimestamp>
                  <auc:IntervalFrequency>Month</auc:IntervalFrequency>
                  <auc:IntervalReading>293601.0</auc:IntervalReading>
                  <auc:ResourceUseID IDref="ResourceUse-001"/>
                </auc:TimeSeries>
                <auc:TimeSeries ID="TimeSeries-001-015">
                  <auc:ReadingType>Total</auc:ReadingType>
                  <auc:StartTimestamp>2019-04-01T07:00:00+00:00</auc:StartTimestamp>
                  <auc:EndTimestamp>2019-05-01T07:00:00+00:00</auc:EndTimestamp>
                  <auc:IntervalFrequency>Month</auc:IntervalFrequency>
                  <auc:IntervalReading>278256.0</auc:IntervalReading>
                  <auc:ResourceUseID IDref="ResourceUse-001"/>
                </auc:TimeSeries>
                <auc:TimeSeries ID="TimeSeries-001-016">
                  <auc:ReadingType>Total</auc:ReadingType>
                  <auc:StartTimestamp>2019-05-01T07:00:00+00:00</auc:StartTimestamp>
                  <auc:EndTimestamp>2019-06-01T07:00:00+00:00</auc:EndTimestamp>
                  <auc:IntervalFrequency>Month</auc:IntervalFrequency>
                  <auc:IntervalReading>358050.0</auc:IntervalReading>
                  <auc:ResourceUseID IDref="ResourceUse-001"/>
                </auc:TimeSeries>
                <auc:TimeSeries ID="TimeSeries-001-017">
                  <auc:ReadingType>Total</auc:ReadingType>
                  <auc:StartTimestamp>2019-06-01T07:00:00+00:00</auc:StartTimestamp>
                  <auc:EndTimestamp>2019-07-01T07:00:00+00:00</auc:EndTimestamp>
                  <auc:IntervalFrequency>Month</auc:IntervalFrequency>
                  <auc:IntervalReading>282348.0</auc:IntervalReading>
                  <auc:ResourceUseID IDref="ResourceUse-001"/>
                </auc:TimeSeries>
                <auc:TimeSeries ID="TimeSeries-001-018">
                  <auc:ReadingType>Total</auc:ReadingType>
                  <auc:StartTimestamp>2019-07-01T07:00:00+00:00</auc:StartTimestamp>
                  <auc:EndTimestamp>2019-08-01T07:00:00+00:00</auc:EndTimestamp>
                  <auc:IntervalFrequency>Month</auc:IntervalFrequency>
                  <auc:IntervalReading>322245.0</auc:IntervalReading>
                  <auc:ResourceUseID IDref="ResourceUse-001"/>
                </auc:TimeSeries>
                <auc:TimeSeries ID="TimeSeries-001-019">
                  <auc:ReadingType>Total</auc:ReadingType>
                  <auc:StartTimestamp>2019-08-01T07:00:00+00:00</auc:StartTimestamp>
                  <auc:EndTimestamp>2019-09-01T07:00:00+00:00</auc:EndTimestamp>
                  <auc:IntervalFrequency>Month</auc:IntervalFrequency>
                  <auc:IntervalReading>346797.0</auc:IntervalReading>
                  <auc:ResourceUseID IDref="ResourceUse-001"/>
                </auc:TimeSeries>
                <auc:TimeSeries ID="TimeSeries-001-020">
                  <auc:ReadingType>Total</auc:ReadingType>
                  <auc:StartTimestamp>2019-09-01T07:00:00+00:00</auc:StartTimestamp>
                  <auc:EndTimestamp>2019-10-01T07:00:00+00:00</auc:EndTimestamp>
                  <auc:IntervalFrequency>Month</auc:IntervalFrequency>
                  <auc:IntervalReading>331452.0</auc:IntervalReading>
                  <auc:ResourceUseID IDref="ResourceUse-001"/>
                </auc:TimeSeries>
                <auc:TimeSeries ID="TimeSeries-001-021">
                  <auc:ReadingType>Total</auc:ReadingType>
                  <auc:StartTimestamp>2019-10-01T07:00:00+00:00</auc:StartTimestamp>
                  <auc:EndTimestamp>2019-11-01T07:00:00+00:00</auc:EndTimestamp>
                  <auc:IntervalFrequency>Month</auc:IntervalFrequency>
                  <auc:IntervalReading>378510.0</auc:IntervalReading>
                  <auc:ResourceUseID IDref="ResourceUse-001"/>
                </auc:TimeSeries>
                <auc:TimeSeries ID="TimeSeries-001-022">
                  <auc:ReadingType>Total</auc:ReadingType>
                  <auc:StartTimestamp>2019-11-01T07:00:00+00:00</auc:StartTimestamp>
                  <auc:EndTimestamp>2019-12-01T08:00:00+00:00</auc:EndTimestamp>
                  <auc:IntervalFrequency>Month</auc:IntervalFrequency>
                  <auc:IntervalReading>314061.0</auc:IntervalReading>
                  <auc:ResourceUseID IDref="ResourceUse-001"/>
                </auc:TimeSeries>
                <auc:TimeSeries ID="TimeSeries-001-023">
                  <auc:ReadingType>Total</auc:ReadingType>
                  <auc:StartTimestamp>2019-12-01T08:00:00+00:00</auc:StartTimestamp>
                  <auc:EndTimestamp>2020-01-01T08:00:00+00:00</auc:EndTimestamp>
                  <auc:IntervalFrequency>Month</auc:IntervalFrequency>
                  <auc:IntervalReading>345774.0</auc:IntervalReading>
                  <auc:ResourceUseID IDref="ResourceUse-001"/>
                </auc:TimeSeries>
                <auc:TimeSeries ID="TimeSeries-001-024">
                  <auc:ReadingType>Total</auc:ReadingType>
                  <auc:StartTimestamp>2020-01-01T08:00:00+00:00</auc:StartTimestamp>
                  <auc:EndTimestamp>2020-02-01T08:00:00+00:00</auc:EndTimestamp>
                  <auc:IntervalFrequency>Month</auc:IntervalFrequency>
                  <auc:IntervalReading>292578.0</auc:IntervalReading>
                  <auc:ResourceUseID IDref="ResourceUse-001"/>
                </auc:TimeSeries>
                <auc:TimeSeries ID="TimeSeries-001-025">
                  <auc:ReadingType>Total</auc:ReadingType>
                  <auc:StartTimestamp>2020-02-01T08:00:00+00:00</auc:StartTimestamp>
                  <auc:EndTimestamp>2020-03-01T08:00:00+00:00</auc:EndTimestamp>
                  <auc:IntervalFrequency>Month</auc:IntervalFrequency>
                  <auc:IntervalReading>258819.0</auc:IntervalReading>
                  <auc:ResourceUseID IDref="ResourceUse-001"/>
                </auc:TimeSeries>
                <auc:TimeSeries ID="TimeSeries-001-026">
                  <auc:ReadingType>Total</auc:ReadingType>
                  <auc:StartTimestamp>2020-03-01T08:00:00+00:00</auc:StartTimestamp>
                  <auc:EndTimestamp>2020-04-01T07:00:00+00:00</auc:EndTimestamp>
                  <auc:IntervalFrequency>Month</auc:IntervalFrequency>
                  <auc:IntervalReading>290532.0</auc:IntervalReading>
                  <auc:ResourceUseID IDref="ResourceUse-001"/>
                </auc:TimeSeries>
                <auc:TimeSeries ID="TimeSeries-001-027">
                  <auc:ReadingType>Total</auc:ReadingType>
                  <auc:StartTimestamp>2020-04-01T07:00:00+00:00</auc:StartTimestamp>
                  <auc:EndTimestamp>2020-05-01T07:00:00+00:00</auc:EndTimestamp>
                  <auc:IntervalFrequency>Month</auc:IntervalFrequency>
                  <auc:IntervalReading>283371.0</auc:IntervalReading>
                  <auc:ResourceUseID IDref="ResourceUse-001"/>
                </auc:TimeSeries>
                <auc:TimeSeries ID="TimeSeries-001-028">
                  <auc:ReadingType>Total</auc:ReadingType>
                  <auc:StartTimestamp>2020-05-01T07:00:00+00:00</auc:StartTimestamp>
                  <auc:EndTimestamp>2020-06-01T07:00:00+00:00</auc:EndTimestamp>
                  <auc:IntervalFrequency>Month</auc:IntervalFrequency>
                  <auc:IntervalReading>280302.0</auc:IntervalReading>
                  <auc:ResourceUseID IDref="ResourceUse-001"/>
                </auc:TimeSeries>
                <auc:TimeSeries ID="TimeSeries-001-029">
                  <auc:ReadingType>Total</auc:ReadingType>
                  <auc:StartTimestamp>2020-06-01T07:00:00+00:00</auc:StartTimestamp>
                  <auc:EndTimestamp>2020-07-01T07:00:00+00:00</auc:EndTimestamp>
                  <auc:IntervalFrequency>Month</auc:IntervalFrequency>
                  <auc:IntervalReading>242451.0</auc:IntervalReading>
                  <auc:ResourceUseID IDref="ResourceUse-001"/>
                </auc:TimeSeries>
                <auc:TimeSeries ID="TimeSeries-001-030">
                  <auc:ReadingType>Total</auc:ReadingType>
                  <auc:StartTimestamp>2020-07-01T07:00:00+00:00</auc:StartTimestamp>
                  <auc:EndTimestamp>2020-08-01T07:00:00+00:00</auc:EndTimestamp>
                  <auc:IntervalFrequency>Month</auc:IntervalFrequency>
                  <auc:IntervalReading>255750.0</auc:IntervalReading>
                  <auc:ResourceUseID IDref="ResourceUse-001"/>
                </auc:TimeSeries>
                <auc:TimeSeries ID="TimeSeries-001-031">
                  <auc:ReadingType>Total</auc:ReadingType>
                  <auc:StartTimestamp>2020-08-01T07:00:00+00:00</auc:StartTimestamp>
                  <auc:EndTimestamp>2020-09-01T07:00:00+00:00</auc:EndTimestamp>
                  <auc:IntervalFrequency>Month</auc:IntervalFrequency>
                  <auc:IntervalReading>313038.0</auc:IntervalReading>
                  <auc:ResourceUseID IDref="ResourceUse-001"/>
                </auc:TimeSeries>
                <auc:TimeSeries ID="TimeSeries-001-032">
                  <auc:ReadingType>Total</auc:ReadingType>
                  <auc:StartTimestamp>2020-09-01T07:00:00+00:00</auc:StartTimestamp>
                  <auc:EndTimestamp>2020-10-01T07:00:00+00:00</auc:EndTimestamp>
                  <auc:IntervalFrequency>Month</auc:IntervalFrequency>
                  <auc:IntervalReading>257796.0</auc:IntervalReading>
                  <auc:ResourceUseID IDref="ResourceUse-001"/>
                </auc:TimeSeries>
                <auc:TimeSeries ID="TimeSeries-001-033">
                  <auc:ReadingType>Total</auc:ReadingType>
                  <auc:StartTimestamp>2020-10-01T07:00:00+00:00</auc:StartTimestamp>
                  <auc:EndTimestamp>2020-11-01T07:00:00+00:00</auc:EndTimestamp>
                  <auc:IntervalFrequency>Month</auc:IntervalFrequency>
                  <auc:IntervalReading>301785.0</auc:IntervalReading>
                  <auc:ResourceUseID IDref="ResourceUse-001"/>
                </auc:TimeSeries>
                <auc:TimeSeries ID="TimeSeries-001-034">
                  <auc:ReadingType>Total</auc:ReadingType>
                  <auc:StartTimestamp>2020-11-01T07:00:00+00:00</auc:StartTimestamp>
                  <auc:EndTimestamp>2020-12-01T08:00:00+00:00</auc:EndTimestamp>
                  <auc:IntervalFrequency>Month</auc:IntervalFrequency>
                  <auc:IntervalReading>261888.0</auc:IntervalReading>
                  <auc:ResourceUseID IDref="ResourceUse-001"/>
                </auc:TimeSeries>
              </auc:TimeSeriesData>
              <auc:LinkedPremises>
                <auc:Building>
                  <auc:LinkedBuildingID IDref="Building-1"/>
                </auc:Building>
              </auc:LinkedPremises>
            </auc:Scenario>
          </auc:Scenarios>
        </auc:Report>
      </auc:Reports>
    </auc:Facility>
  </auc:Facilities>
</auc:BuildingSync>
