<?xml version="1.0" encoding="UTF-8"?>
<auc:BuildingSync xmlns:auc="http://buildingsync.net/schemas/bedes-auc/2019" xmlns:xsi="http://www.w3.org/2001/XMLSchema-instance" xsi:schemaLocation="http://buildingsync.net/schemas/bedes-auc/2019 https://raw.githubusercontent.com/BuildingSync/schema/v2.0/BuildingSync.xsd">
  <auc:Facilities>
    <auc:Facility>
      <auc:Sites>
        <auc:Site>
          <auc:ClimateZoneType>
            <auc:ASHRAE>
              <auc:ClimateZone>6A</auc:ClimateZone>
            </auc:ASHRAE>
          </auc:ClimateZoneType>
          <auc:Buildings>
            <auc:Building ID="Office_Carolina">
              <auc:PremisesName>Office Carolina</auc:PremisesName>
              <auc:BuildingClassification>Commercial</auc:BuildingClassification>
              <auc:OccupancyClassification>Office</auc:OccupancyClassification>
              <auc:FloorAreas>
                <auc:FloorArea>
                  <auc:FloorAreaType>Gross</auc:FloorAreaType>
                  <auc:FloorAreaValue>31053</auc:FloorAreaValue>
                </auc:FloorArea>
              </auc:FloorAreas>
              <auc:YearOfConstruction>1915</auc:YearOfConstruction>
            </auc:Building>
          </auc:Buildings>
        </auc:Site>
      </auc:Sites>
      <auc:Systems/>
      <auc:Measures>
        <auc:Measure/>
      </auc:Measures>
      <auc:Reports>
        <auc:Report>
          <auc:Scenarios>
            <auc:Scenario ID="Baseline">
              <auc:ScenarioName>Baseline</auc:ScenarioName>
              <auc:ScenarioType>
                <auc:PackageOfMeasures>
                  <auc:ReferenceCase IDref="Baseline"/>
                </auc:PackageOfMeasures>
              </auc:ScenarioType>
            </auc:Scenario>
          </auc:Scenarios>
        </auc:Report>
      </auc:Reports>
    </auc:Facility>
  </auc:Facilities>
</auc:BuildingSync>
